{
    "loss": 1.1560194492340088,
    "accuracy": 0.6023961901664734
}