{
    "loss": 0.9388549327850342,
    "accuracy": 0.6662023067474365
}