{
    "loss": 0.9299783706665039,
    "accuracy": 0.6564502716064453
}