{
    "loss": 0.9388547539710999,
    "accuracy": 0.6662023067474365
}