{
    "loss": 1.5408133268356323,
    "accuracy": 0.4132070243358612
}