{
    "loss": 0.938854992389679,
    "accuracy": 0.6662023067474365
}