{
    "loss": 0.9861859083175659,
    "accuracy": 0.646140992641449
}